id,First Name,Last Name,Email,Age
1,Marti,Erich,Marti.Erich@yopmail.com,36
2,Joeann,Manolo,Joeann.Manolo@yopmail.com,43
3,Olwen,Ovid,Olwen.Ovid@yopmail.com,31
4,Jean,Loleta,Jean.Loleta@yopmail.com,41
5,Frieda,Voletta,Frieda.Voletta@yopmail.com,38
6,Allis,Cimbura,Allis.Cimbura@yopmail.com,65
7,Madalyn,Vastah,Madalyn.Vastah@yopmail.com,50
8,Charissa,Toffic,Charissa.Toffic@yopmail.com,64
9,Britte,Solitta,Britte.Solitta@yopmail.com,24
10,Chrystel,Maroney,Chrystel.Maroney@yopmail.com,30